,keywords_ls,,,,,keywords_ls,CNT
1,buckcherry,,,,,ringtones,19
2,ringtones,,,,,24,18
3,Three,,,,,ringtone,15
4,6,,,,,ctu,6
5,Mafia,,,,,ringer,3
6,Ringtones,,,,,for,3
7,Carrie,,,,,theme,2
8,Underwood,,,,,mosquito,2
9,Ringtones,,,,,ring,2
10,def,,,,,adults,2
11,leppard,,,,,can't,2
12,ringtones,,,,,hear,2
13,System,,,,,fox,2
14,Of,,,,,phone,2
15,A,,,,,tv,2
16,Down,,,,,show,2
17,Ringtones,,,,,buckcherry,1
18,theme,,,,,Three,1
19,song,,,,,6,1
20,ringtone,,,,,Mafia,1
21,hawaiian,,,,,Carrie,1
22,music,,,,,Underwood,1
23,ringtones,,,,,def,1
24,ringtones,,,,,leppard,1
25,panic,,,,,System,1
26,at,,,,,Of,1
27,the,,,,,A,1
28,disco,,,,,Down,1
29,ringtones,,,,,song,1
30,cascada,,,,,hawaiian,1
31,Kid,,,,,music,1
32,Rock,,,,,panic,1
33,Ringtones,,,,,at,1
34,Gospel,,,,,the,1
35,Ringtones,,,,,disco,1
36,mosquito,,,,,cascada,1
37,ring,,,,,Kid,1
38,tone,,,,,Rock,1
39,mosquito,,,,,Gospel,1
40,ringer,,,,,tone,1
41,ultrasonic,,,,,ultrasonic,1
42,ringtone,,,,,family,1
43,ringtones,,,,,guy,1
44,adults,,,,,tones,1
45,can't,,,,,ringers,1
46,hear,,,,,from,1
47,ringtone,,,,,download,1
48,adults,,,,,verizon,1
49,can't,,,,,telephone,1
50,hear,,,,,,
51,family,,,,,,
52,guy,,,,,,
53,ringtones,,,,,,
54,ctu,,,,,,
55,ringtone,,,,,,
56,24,,,,,,
57,ringtone,,,,,,
58,24,,,,,,
59,ring,,,,,,
60,tones,,,,,,
61,24,,,,,,
62,ringer,,,,,,
63,ctu,,,,,,
64,ringer,,,,,,
65,24,,,,,,
66,ringers,,,,,,
67,fox,,,,,,
68,24,,,,,,
69,ringtone,,,,,,
70,ctu,,,,,,
71,ringtone,,,,,,
72,for,,,,,,
73,fox,,,,,,
74,24,,,,,,
75,ringtones,,,,,,
76,24,,,,,,
77,theme,,,,,,
78,ringtone,,,,,,
79,24,,,,,,
80,phone,,,,,,
81,ringtone,,,,,,
82,24,,,,,,
83,tv,,,,,,
84,show,,,,,,
85,ringtone,,,,,,
86,ringtones,,,,,,
87,from,,,,,,
88,24,,,,,,
89,ringtones,,,,,,
90,ctu,,,,,,
91,download,,,,,,
92,24,,,,,,
93,ringtone,,,,,,
94,ctu,,,,,,
95,phone,,,,,,
96,ringtone,,,,,,
97,24,,,,,,
98,tv,,,,,,
99,show,,,,,,
100,ringtones,,,,,,
101,ringtones,,,,,,
102,for,,,,,,
103,24,,,,,,
104,ringtones,,,,,,
105,24,,,,,,
106,24,,,,,,
107,ringtone,,,,,,
108,verizon,,,,,,
109,ringtone,,,,,,
110,for,,,,,,
111,24,,,,,,
112,24,,,,,,
113,telephone,,,,,,
114,ringtone,,,,,,
115,24,,,,,,
116,ctu,,,,,,
117,ringtones,,,,,,
118,buckcherry,,,,,,
119,ringtones,,,,,,
120,Three,,,,,,
121,6,,,,,,
122,Mafia,,,,,,
123,Ringtones,,,,,,
124,Carrie,,,,,,
125,Underwood,,,,,,
126,Ringtones,,,,,,
127,def,,,,,,
128,leppard,,,,,,
129,ringtones,,,,,,
130,System,,,,,,
131,Of,,,,,,
132,A,,,,,,
133,Down,,,,,,
134,Ringtones,,,,,,
135,theme,,,,,,
136,song,,,,,,
137,ringtone,,,,,,
138,hawaiian,,,,,,
139,music,,,,,,
140,ringtones,,,,,,
141,ringtones,,,,,,
142,panic,,,,,,
143,at,,,,,,
144,the,,,,,,
145,disco,,,,,,
146,ringtones,,,,,,
147,cascada,,,,,,
148,Kid,,,,,,
149,Rock,,,,,,
150,Ringtones,,,,,,
151,Gospel,,,,,,
152,Ringtones,,,,,,
153,mosquito,,,,,,
154,ring,,,,,,
155,tone,,,,,,
156,mosquito,,,,,,
157,ringer,,,,,,
158,ultrasonic,,,,,,
159,ringtone,,,,,,
160,ringtones,,,,,,
161,adults,,,,,,
162,can't,,,,,,
163,hear,,,,,,
164,ringtone,,,,,,
165,adults,,,,,,
166,can't,,,,,,
167,hear,,,,,,
168,family,,,,,,
169,guy,,,,,,
170,ringtones,,,,,,
171,ctu,,,,,,
172,ringtone,,,,,,
173,24,,,,,,
174,ringtone,,,,,,
175,24,,,,,,
176,ring,,,,,,
177,tones,,,,,,
178,24,,,,,,
179,ringer,,,,,,
180,ctu,,,,,,
181,ringer,,,,,,
182,24,,,,,,
183,ringers,,,,,,
184,fox,,,,,,
185,24,,,,,,
186,ringtone,,,,,,
187,ctu,,,,,,
188,ringtone,,,,,,
189,for,,,,,,
190,fox,,,,,,
191,24,,,,,,
192,ringtones,,,,,,
193,24,,,,,,
194,theme,,,,,,
195,ringtone,,,,,,
196,24,,,,,,
197,phone,,,,,,
198,ringtone,,,,,,
199,24,,,,,,
200,tv,,,,,,
201,show,,,,,,
202,ringtone,,,,,,
203,ringtones,,,,,,
204,from,,,,,,
205,24,,,,,,
206,ringtones,,,,,,
207,ctu,,,,,,
208,download,,,,,,
209,24,,,,,,
210,ringtone,,,,,,
211,ctu,,,,,,
212,phone,,,,,,
213,ringtone,,,,,,
214,24,,,,,,
215,tv,,,,,,
216,show,,,,,,
217,ringtones,,,,,,
218,ringtones,,,,,,
219,for,,,,,,
220,24,,,,,,
221,ringtones,,,,,,
222,24,,,,,,
223,24,,,,,,
224,ringtone,,,,,,
225,verizon,,,,,,
226,ringtone,,,,,,
227,for,,,,,,
228,24,,,,,,
229,24,,,,,,
230,telephone,,,,,,
231,ringtone,,,,,,
232,24,,,,,,
233,ctu,,,,,,
234,ringtones,,,,,,
235,buckcherry,,,,,,
236,ringtones,,,,,,
237,Three,,,,,,
238,6,,,,,,
239,Mafia,,,,,,
240,Ringtones,,,,,,
241,Carrie,,,,,,
242,Underwood,,,,,,
243,Ringtones,,,,,,
244,def,,,,,,
245,leppard,,,,,,
246,ringtones,,,,,,
247,System,,,,,,
248,Of,,,,,,
249,A,,,,,,
250,Down,,,,,,
251,Ringtones,,,,,,
252,theme,,,,,,
253,song,,,,,,
254,ringtone,,,,,,
255,hawaiian,,,,,,
256,music,,,,,,
257,ringtones,,,,,,
258,ringtones,,,,,,
259,panic,,,,,,
260,at,,,,,,
261,the,,,,,,
262,disco,,,,,,
263,ringtones,,,,,,
264,cascada,,,,,,
265,Kid,,,,,,
266,Rock,,,,,,
267,Ringtones,,,,,,
268,Gospel,,,,,,
269,Ringtones,,,,,,
270,mosquito,,,,,,
271,ring,,,,,,
272,tone,,,,,,
273,mosquito,,,,,,
274,ringer,,,,,,
275,ultrasonic,,,,,,
276,ringtone,,,,,,
277,ringtones,,,,,,
278,adults,,,,,,
279,can't,,,,,,
280,hear,,,,,,
281,ringtone,,,,,,
282,adults,,,,,,
283,can't,,,,,,
284,hear,,,,,,
285,family,,,,,,
286,guy,,,,,,
287,ringtones,,,,,,
288,ctu,,,,,,
289,ringtone,,,,,,
290,24,,,,,,
291,ringtone,,,,,,
292,24,,,,,,
293,ring,,,,,,
294,tones,,,,,,
295,24,,,,,,
296,ringer,,,,,,
297,ctu,,,,,,
298,ringer,,,,,,
299,24,,,,,,
300,ringers,,,,,,
301,fox,,,,,,
302,24,,,,,,
303,ringtone,,,,,,
304,ctu,,,,,,
305,ringtone,,,,,,
306,for,,,,,,
307,fox,,,,,,
308,24,,,,,,
309,ringtones,,,,,,
310,24,,,,,,
311,theme,,,,,,
312,ringtone,,,,,,
313,24,,,,,,
314,phone,,,,,,
315,ringtone,,,,,,
316,24,,,,,,
317,tv,,,,,,
318,show,,,,,,
319,ringtone,,,,,,
320,ringtones,,,,,,
321,from,,,,,,
322,24,,,,,,
323,ringtones,,,,,,
324,ctu,,,,,,
325,download,,,,,,
326,24,,,,,,
327,ringtone,,,,,,
328,ctu,,,,,,
329,phone,,,,,,
330,ringtone,,,,,,
331,24,,,,,,
332,tv,,,,,,
333,show,,,,,,
334,ringtones,,,,,,
335,ringtones,,,,,,
336,for,,,,,,
337,24,,,,,,
338,ringtones,,,,,,
339,24,,,,,,
340,24,,,,,,
341,ringtone,,,,,,
342,verizon,,,,,,
343,ringtone,,,,,,
344,for,,,,,,
345,24,,,,,,
346,24,,,,,,
347,telephone,,,,,,
348,ringtone,,,,,,
349,24,,,,,,
350,ctu,,,,,,
351,ringtones,,,,,,
352,buckcherry,,,,,,
353,ringtones,,,,,,
354,Three,,,,,,
355,6,,,,,,
356,Mafia,,,,,,
357,Ringtones,,,,,,
358,Carrie,,,,,,
359,Underwood,,,,,,
360,Ringtones,,,,,,
361,def,,,,,,
362,leppard,,,,,,
363,ringtones,,,,,,
364,System,,,,,,
365,Of,,,,,,
366,A,,,,,,
367,Down,,,,,,
368,Ringtones,,,,,,
369,theme,,,,,,
370,song,,,,,,
371,ringtone,,,,,,
372,hawaiian,,,,,,
373,music,,,,,,
374,ringtones,,,,,,
375,ringtones,,,,,,
376,panic,,,,,,
377,at,,,,,,
378,the,,,,,,
379,disco,,,,,,
380,ringtones,,,,,,
381,cascada,,,,,,
382,Kid,,,,,,
383,Rock,,,,,,
384,Ringtones,,,,,,
385,Gospel,,,,,,
386,Ringtones,,,,,,
387,mosquito,,,,,,
388,ring,,,,,,
389,tone,,,,,,
390,mosquito,,,,,,
391,ringer,,,,,,
392,ultrasonic,,,,,,
393,ringtone,,,,,,
394,ringtones,,,,,,
395,adults,,,,,,
396,can't,,,,,,
397,hear,,,,,,
398,ringtone,,,,,,
399,adults,,,,,,
400,can't,,,,,,
401,hear,,,,,,
402,family,,,,,,
403,guy,,,,,,
404,ringtones,,,,,,
405,ctu,,,,,,
406,ringtone,,,,,,
407,24,,,,,,
408,ringtone,,,,,,
409,24,,,,,,
410,ring,,,,,,
411,tones,,,,,,
412,24,,,,,,
413,ringer,,,,,,
414,ctu,,,,,,
415,ringer,,,,,,
416,24,,,,,,
417,ringers,,,,,,
418,fox,,,,,,
419,24,,,,,,
420,ringtone,,,,,,
421,ctu,,,,,,
422,ringtone,,,,,,
423,for,,,,,,
424,fox,,,,,,
425,24,,,,,,
426,ringtones,,,,,,
427,24,,,,,,
428,theme,,,,,,
429,ringtone,,,,,,
430,24,,,,,,
431,phone,,,,,,
432,ringtone,,,,,,
433,24,,,,,,
434,tv,,,,,,
435,show,,,,,,
436,ringtone,,,,,,
437,ringtones,,,,,,
438,from,,,,,,
439,24,,,,,,
440,ringtones,,,,,,
441,ctu,,,,,,
442,download,,,,,,
443,24,,,,,,
444,ringtone,,,,,,
445,ctu,,,,,,
446,phone,,,,,,
447,ringtone,,,,,,
448,24,,,,,,
449,tv,,,,,,
450,show,,,,,,
451,ringtones,,,,,,
452,ringtones,,,,,,
453,for,,,,,,
454,24,,,,,,
455,ringtones,,,,,,
456,24,,,,,,
457,24,,,,,,
458,ringtone,,,,,,
459,verizon,,,,,,
460,ringtone,,,,,,
461,for,,,,,,
462,24,,,,,,
463,24,,,,,,
464,telephone,,,,,,
465,ringtone,,,,,,
466,24,,,,,,
467,ctu,,,,,,
468,ringtones,,,,,,
469,buckcherry,,,,,,
470,ringtones,,,,,,
471,Three,,,,,,
472,6,,,,,,
473,Mafia,,,,,,
474,Ringtones,,,,,,
475,Carrie,,,,,,
476,Underwood,,,,,,
477,Ringtones,,,,,,
478,def,,,,,,
479,leppard,,,,,,
480,ringtones,,,,,,
481,System,,,,,,
482,Of,,,,,,
483,A,,,,,,
484,Down,,,,,,
485,Ringtones,,,,,,
486,theme,,,,,,
487,song,,,,,,
488,ringtone,,,,,,
489,hawaiian,,,,,,
490,music,,,,,,
491,ringtones,,,,,,
492,ringtones,,,,,,
493,panic,,,,,,
494,at,,,,,,
495,the,,,,,,
496,disco,,,,,,
497,ringtones,,,,,,
498,cascada,,,,,,
499,Kid,,,,,,
500,Rock,,,,,,
501,Ringtones,,,,,,
502,Gospel,,,,,,
503,Ringtones,,,,,,
504,mosquito,,,,,,
505,ring,,,,,,
506,tone,,,,,,
507,mosquito,,,,,,
508,ringer,,,,,,
509,ultrasonic,,,,,,
510,ringtone,,,,,,
511,ringtones,,,,,,
512,adults,,,,,,
513,can't,,,,,,
514,hear,,,,,,
515,ringtone,,,,,,
516,adults,,,,,,
517,can't,,,,,,
518,hear,,,,,,
519,family,,,,,,
520,guy,,,,,,
521,ringtones,,,,,,
522,ctu,,,,,,
523,ringtone,,,,,,
524,24,,,,,,
525,ringtone,,,,,,
526,24,,,,,,
527,ring,,,,,,
528,tones,,,,,,
529,24,,,,,,
530,ringer,,,,,,
531,ctu,,,,,,
532,ringer,,,,,,
533,24,,,,,,
534,ringers,,,,,,
535,fox,,,,,,
536,24,,,,,,
537,ringtone,,,,,,
538,ctu,,,,,,
539,ringtone,,,,,,
540,for,,,,,,
541,fox,,,,,,
542,24,,,,,,
543,ringtones,,,,,,
544,24,,,,,,
545,theme,,,,,,
546,ringtone,,,,,,
547,24,,,,,,
548,phone,,,,,,
549,ringtone,,,,,,
550,24,,,,,,
551,tv,,,,,,
552,show,,,,,,
553,ringtone,,,,,,
554,ringtones,,,,,,
555,from,,,,,,
556,24,,,,,,
557,ringtones,,,,,,
558,ctu,,,,,,
559,download,,,,,,
560,24,,,,,,
561,ringtone,,,,,,
562,ctu,,,,,,
563,phone,,,,,,
564,ringtone,,,,,,
565,24,,,,,,
566,tv,,,,,,
567,show,,,,,,
568,ringtones,,,,,,
569,ringtones,,,,,,
570,for,,,,,,
571,24,,,,,,
572,ringtones,,,,,,
573,24,,,,,,
574,24,,,,,,
575,ringtone,,,,,,
576,verizon,,,,,,
577,ringtone,,,,,,
578,for,,,,,,
579,24,,,,,,
580,24,,,,,,
581,telephone,,,,,,
582,ringtone,,,,,,
583,24,,,,,,
584,ctu,,,,,,
585,ringtones,,,,,,
586,buckcherry,,,,,,
587,ringtones,,,,,,
588,Three,,,,,,
589,6,,,,,,
590,Mafia,,,,,,
591,Ringtones,,,,,,
592,Carrie,,,,,,
593,Underwood,,,,,,
594,Ringtones,,,,,,
595,def,,,,,,
596,leppard,,,,,,
597,ringtones,,,,,,
598,System,,,,,,
599,Of,,,,,,
600,A,,,,,,
601,Down,,,,,,
602,Ringtones,,,,,,
603,theme,,,,,,
604,song,,,,,,
605,ringtone,,,,,,
606,hawaiian,,,,,,
607,music,,,,,,
608,ringtones,,,,,,
609,ringtones,,,,,,
610,panic,,,,,,
611,at,,,,,,
612,the,,,,,,
613,disco,,,,,,
614,ringtones,,,,,,
615,cascada,,,,,,
616,Kid,,,,,,
617,Rock,,,,,,
618,Ringtones,,,,,,
619,Gospel,,,,,,
620,Ringtones,,,,,,
621,mosquito,,,,,,
622,ring,,,,,,
623,tone,,,,,,
624,mosquito,,,,,,
625,ringer,,,,,,
626,ultrasonic,,,,,,
627,ringtone,,,,,,
628,ringtones,,,,,,
629,adults,,,,,,
630,can't,,,,,,
631,hear,,,,,,
632,ringtone,,,,,,
633,adults,,,,,,
634,can't,,,,,,
635,hear,,,,,,
636,family,,,,,,
637,guy,,,,,,
638,ringtones,,,,,,
639,ctu,,,,,,
640,ringtone,,,,,,
641,24,,,,,,
642,ringtone,,,,,,
643,24,,,,,,
644,ring,,,,,,
645,tones,,,,,,
646,24,,,,,,
647,ringer,,,,,,
648,ctu,,,,,,
649,ringer,,,,,,
650,24,,,,,,
651,ringers,,,,,,
652,fox,,,,,,
653,24,,,,,,
654,ringtone,,,,,,
655,ctu,,,,,,
656,ringtone,,,,,,
657,for,,,,,,
658,fox,,,,,,
659,24,,,,,,
660,ringtones,,,,,,
661,24,,,,,,
662,theme,,,,,,
663,ringtone,,,,,,
664,24,,,,,,
665,phone,,,,,,
666,ringtone,,,,,,
667,24,,,,,,
668,tv,,,,,,
669,show,,,,,,
670,ringtone,,,,,,
671,ringtones,,,,,,
672,from,,,,,,
673,24,,,,,,
674,ringtones,,,,,,
675,ctu,,,,,,
676,download,,,,,,
677,24,,,,,,
678,ringtone,,,,,,
679,ctu,,,,,,
680,phone,,,,,,
681,ringtone,,,,,,
682,24,,,,,,
683,tv,,,,,,
684,show,,,,,,
685,ringtones,,,,,,
686,ringtones,,,,,,
687,for,,,,,,
688,24,,,,,,
689,ringtones,,,,,,
690,24,,,,,,
691,24,,,,,,
692,ringtone,,,,,,
693,verizon,,,,,,
694,ringtone,,,,,,
695,for,,,,,,
696,24,,,,,,
697,24,,,,,,
698,telephone,,,,,,
699,ringtone,,,,,,
700,24,,,,,,
701,ctu,,,,,,
702,ringtones,,,,,,
703,buckcherry,,,,,,
704,ringtones,,,,,,
705,Three,,,,,,
706,6,,,,,,
707,Mafia,,,,,,
708,Ringtones,,,,,,
709,Carrie,,,,,,
710,Underwood,,,,,,
711,Ringtones,,,,,,
712,def,,,,,,
713,leppard,,,,,,
714,ringtones,,,,,,
715,System,,,,,,
716,Of,,,,,,
717,A,,,,,,
718,Down,,,,,,
719,Ringtones,,,,,,
720,theme,,,,,,
721,song,,,,,,
722,ringtone,,,,,,
723,hawaiian,,,,,,
724,music,,,,,,
725,ringtones,,,,,,
726,ringtones,,,,,,
727,panic,,,,,,
728,at,,,,,,
729,the,,,,,,
730,disco,,,,,,
731,ringtones,,,,,,
732,cascada,,,,,,
733,Kid,,,,,,
734,Rock,,,,,,
735,Ringtones,,,,,,
736,Gospel,,,,,,
737,Ringtones,,,,,,
738,mosquito,,,,,,
739,ring,,,,,,
740,tone,,,,,,
741,mosquito,,,,,,
742,ringer,,,,,,
743,ultrasonic,,,,,,
744,ringtone,,,,,,
745,ringtones,,,,,,
746,adults,,,,,,
747,can't,,,,,,
748,hear,,,,,,
749,ringtone,,,,,,
750,adults,,,,,,
751,can't,,,,,,
752,hear,,,,,,
753,family,,,,,,
754,guy,,,,,,
755,ringtones,,,,,,
756,ctu,,,,,,
757,ringtone,,,,,,
758,24,,,,,,
759,ringtone,,,,,,
760,24,,,,,,
761,ring,,,,,,
762,tones,,,,,,
763,24,,,,,,
764,ringer,,,,,,
765,ctu,,,,,,
766,ringer,,,,,,
767,24,,,,,,
768,ringers,,,,,,
769,fox,,,,,,
770,24,,,,,,
771,ringtone,,,,,,
772,ctu,,,,,,
773,ringtone,,,,,,
774,for,,,,,,
775,fox,,,,,,
776,24,,,,,,
777,ringtones,,,,,,
778,24,,,,,,
779,theme,,,,,,
780,ringtone,,,,,,
781,24,,,,,,
782,phone,,,,,,
783,ringtone,,,,,,
784,24,,,,,,
785,tv,,,,,,
786,show,,,,,,
787,ringtone,,,,,,
788,ringtones,,,,,,
789,from,,,,,,
790,24,,,,,,
791,ringtones,,,,,,
792,ctu,,,,,,
793,download,,,,,,
794,24,,,,,,
795,ringtone,,,,,,
796,ctu,,,,,,
797,phone,,,,,,
798,ringtone,,,,,,
799,24,,,,,,
800,tv,,,,,,
801,show,,,,,,
802,ringtones,,,,,,
803,ringtones,,,,,,
804,for,,,,,,
805,24,,,,,,
806,ringtones,,,,,,
807,24,,,,,,
808,24,,,,,,
809,ringtone,,,,,,
810,verizon,,,,,,
811,ringtone,,,,,,
812,for,,,,,,
813,24,,,,,,
814,24,,,,,,
815,telephone,,,,,,
816,ringtone,,,,,,
817,24,,,,,,
818,ctu,,,,,,
819,ringtones,,,,,,
820,buckcherry,,,,,,
821,ringtones,,,,,,
822,Three,,,,,,
823,6,,,,,,
824,Mafia,,,,,,
825,Ringtones,,,,,,
826,Carrie,,,,,,
827,Underwood,,,,,,
828,Ringtones,,,,,,
829,def,,,,,,
830,leppard,,,,,,
831,ringtones,,,,,,
832,System,,,,,,
833,Of,,,,,,
834,A,,,,,,
835,Down,,,,,,
836,Ringtones,,,,,,
837,theme,,,,,,
838,song,,,,,,
839,ringtone,,,,,,
840,hawaiian,,,,,,
841,music,,,,,,
842,ringtones,,,,,,
843,ringtones,,,,,,
844,panic,,,,,,
845,at,,,,,,
846,the,,,,,,
847,disco,,,,,,
848,ringtones,,,,,,
849,cascada,,,,,,
850,Kid,,,,,,
851,Rock,,,,,,
852,Ringtones,,,,,,
853,Gospel,,,,,,
854,Ringtones,,,,,,
855,mosquito,,,,,,
856,ring,,,,,,
857,tone,,,,,,
858,mosquito,,,,,,
859,ringer,,,,,,
860,ultrasonic,,,,,,
861,ringtone,,,,,,
862,ringtones,,,,,,
863,adults,,,,,,
864,can't,,,,,,
865,hear,,,,,,
866,ringtone,,,,,,
867,adults,,,,,,
868,can't,,,,,,
869,hear,,,,,,
870,family,,,,,,
871,guy,,,,,,
872,ringtones,,,,,,
873,ctu,,,,,,
874,ringtone,,,,,,
875,24,,,,,,
876,ringtone,,,,,,
877,24,,,,,,
878,ring,,,,,,
879,tones,,,,,,
880,24,,,,,,
881,ringer,,,,,,
882,ctu,,,,,,
883,ringer,,,,,,
884,24,,,,,,
885,ringers,,,,,,
886,fox,,,,,,
887,24,,,,,,
888,ringtone,,,,,,
889,ctu,,,,,,
890,ringtone,,,,,,
891,for,,,,,,
892,fox,,,,,,
893,24,,,,,,
894,ringtones,,,,,,
895,24,,,,,,
896,theme,,,,,,
897,ringtone,,,,,,
898,24,,,,,,
899,phone,,,,,,
900,ringtone,,,,,,
901,24,,,,,,
902,tv,,,,,,
903,show,,,,,,
904,ringtone,,,,,,
905,ringtones,,,,,,
906,from,,,,,,
907,24,,,,,,
908,ringtones,,,,,,
909,ctu,,,,,,
910,download,,,,,,
911,24,,,,,,
912,ringtone,,,,,,
913,ctu,,,,,,
914,phone,,,,,,
915,ringtone,,,,,,
916,24,,,,,,
917,tv,,,,,,
918,show,,,,,,
919,ringtones,,,,,,
920,ringtones,,,,,,
921,for,,,,,,
922,24,,,,,,
923,ringtones,,,,,,
924,24,,,,,,
925,24,,,,,,
926,ringtone,,,,,,
927,verizon,,,,,,
928,ringtone,,,,,,
929,for,,,,,,
930,24,,,,,,
931,24,,,,,,
932,telephone,,,,,,
933,ringtone,,,,,,
934,24,,,,,,
935,ctu,,,,,,
936,ringtones,,,,,,
937,buckcherry,,,,,,
938,ringtones,,,,,,
939,Three,,,,,,
940,6,,,,,,
941,Mafia,,,,,,
942,Ringtones,,,,,,
943,Carrie,,,,,,
944,Underwood,,,,,,
945,Ringtones,,,,,,
946,def,,,,,,
947,leppard,,,,,,
948,ringtones,,,,,,
949,System,,,,,,
950,Of,,,,,,
951,A,,,,,,
952,Down,,,,,,
953,Ringtones,,,,,,
954,theme,,,,,,
955,song,,,,,,
956,ringtone,,,,,,
957,hawaiian,,,,,,
958,music,,,,,,
959,ringtones,,,,,,
960,ringtones,,,,,,
961,panic,,,,,,
962,at,,,,,,
963,the,,,,,,
964,disco,,,,,,
965,ringtones,,,,,,
966,cascada,,,,,,
967,Kid,,,,,,
968,Rock,,,,,,
969,Ringtones,,,,,,
970,Gospel,,,,,,
971,Ringtones,,,,,,
972,mosquito,,,,,,
973,ring,,,,,,
974,tone,,,,,,
975,mosquito,,,,,,
976,ringer,,,,,,
977,ultrasonic,,,,,,
978,ringtone,,,,,,
979,ringtones,,,,,,
980,adults,,,,,,
981,can't,,,,,,
982,hear,,,,,,
983,ringtone,,,,,,
984,adults,,,,,,
985,can't,,,,,,
986,hear,,,,,,
987,family,,,,,,
988,guy,,,,,,
989,ringtones,,,,,,
990,ctu,,,,,,
991,ringtone,,,,,,
992,24,,,,,,
993,ringtone,,,,,,
994,24,,,,,,
995,ring,,,,,,
996,tones,,,,,,
997,24,,,,,,
998,ringer,,,,,,
999,ctu,,,,,,
1000,ringer,,,,,,
1001,24,,,,,,
1002,ringers,,,,,,
1003,fox,,,,,,
1004,24,,,,,,
1005,ringtone,,,,,,
1006,ctu,,,,,,
1007,ringtone,,,,,,
1008,for,,,,,,
1009,fox,,,,,,
1010,24,,,,,,
1011,ringtones,,,,,,
1012,24,,,,,,
1013,theme,,,,,,
1014,ringtone,,,,,,
1015,24,,,,,,
1016,phone,,,,,,
1017,ringtone,,,,,,
1018,24,,,,,,
1019,tv,,,,,,
1020,show,,,,,,
1021,ringtone,,,,,,
1022,ringtones,,,,,,
1023,from,,,,,,
1024,24,,,,,,
1025,ringtones,,,,,,
1026,ctu,,,,,,
1027,download,,,,,,
1028,24,,,,,,
1029,ringtone,,,,,,
1030,ctu,,,,,,
1031,phone,,,,,,
1032,ringtone,,,,,,
1033,24,,,,,,
1034,tv,,,,,,
1035,show,,,,,,
1036,ringtones,,,,,,
1037,ringtones,,,,,,
1038,for,,,,,,
1039,24,,,,,,
1040,ringtones,,,,,,
1041,24,,,,,,
1042,24,,,,,,
1043,ringtone,,,,,,
1044,verizon,,,,,,
1045,ringtone,,,,,,
1046,for,,,,,,
1047,24,,,,,,
1048,24,,,,,,
1049,telephone,,,,,,
1050,ringtone,,,,,,
1051,24,,,,,,
1052,ctu,,,,,,
1053,ringtones,,,,,,
1054,buckcherry,,,,,,
1055,ringtones,,,,,,
1056,Three,,,,,,
1057,6,,,,,,
1058,Mafia,,,,,,
1059,Ringtones,,,,,,
1060,Carrie,,,,,,
1061,Underwood,,,,,,
1062,Ringtones,,,,,,
1063,def,,,,,,
1064,leppard,,,,,,
1065,ringtones,,,,,,
1066,System,,,,,,
1067,Of,,,,,,
1068,A,,,,,,
1069,Down,,,,,,
1070,Ringtones,,,,,,
1071,theme,,,,,,
1072,song,,,,,,
1073,ringtone,,,,,,
1074,hawaiian,,,,,,
1075,music,,,,,,
1076,ringtones,,,,,,
1077,ringtones,,,,,,
1078,panic,,,,,,
1079,at,,,,,,
1080,the,,,,,,
1081,disco,,,,,,
1082,ringtones,,,,,,
1083,cascada,,,,,,
1084,Kid,,,,,,
1085,Rock,,,,,,
1086,Ringtones,,,,,,
1087,Gospel,,,,,,
1088,Ringtones,,,,,,
1089,mosquito,,,,,,
1090,ring,,,,,,
1091,tone,,,,,,
1092,mosquito,,,,,,
1093,ringer,,,,,,
1094,ultrasonic,,,,,,
1095,ringtone,,,,,,
1096,ringtones,,,,,,
1097,adults,,,,,,
1098,can't,,,,,,
1099,hear,,,,,,
1100,ringtone,,,,,,
1101,adults,,,,,,
1102,can't,,,,,,
1103,hear,,,,,,
1104,family,,,,,,
1105,guy,,,,,,
1106,ringtones,,,,,,
1107,ctu,,,,,,
1108,ringtone,,,,,,
1109,24,,,,,,
1110,ringtone,,,,,,
1111,24,,,,,,
1112,ring,,,,,,
1113,tones,,,,,,
1114,24,,,,,,
1115,ringer,,,,,,
1116,ctu,,,,,,
1117,ringer,,,,,,
1118,24,,,,,,
1119,ringers,,,,,,
1120,fox,,,,,,
1121,24,,,,,,
1122,ringtone,,,,,,
1123,ctu,,,,,,
1124,ringtone,,,,,,
1125,for,,,,,,
1126,fox,,,,,,
1127,24,,,,,,
1128,ringtones,,,,,,
1129,24,,,,,,
1130,theme,,,,,,
1131,ringtone,,,,,,
1132,24,,,,,,
1133,phone,,,,,,
1134,ringtone,,,,,,
1135,24,,,,,,
1136,tv,,,,,,
1137,show,,,,,,
1138,ringtone,,,,,,
1139,ringtones,,,,,,
1140,from,,,,,,
1141,24,,,,,,
1142,ringtones,,,,,,
1143,ctu,,,,,,
1144,download,,,,,,
1145,24,,,,,,
1146,ringtone,,,,,,
1147,ctu,,,,,,
1148,phone,,,,,,
1149,ringtone,,,,,,
1150,24,,,,,,
1151,tv,,,,,,
1152,show,,,,,,
1153,ringtones,,,,,,
1154,ringtones,,,,,,
1155,for,,,,,,
1156,24,,,,,,
1157,ringtones,,,,,,
1158,24,,,,,,
1159,24,,,,,,
1160,ringtone,,,,,,
1161,verizon,,,,,,
1162,ringtone,,,,,,
1163,for,,,,,,
1164,24,,,,,,
1165,24,,,,,,
1166,telephone,,,,,,
1167,ringtone,,,,,,
1168,24,,,,,,
1169,ctu,,,,,,
1170,ringtones,,,,,,
1171,buckcherry,,,,,,
1172,ringtones,,,,,,
1173,Three,,,,,,
1174,6,,,,,,
1175,Mafia,,,,,,
1176,Ringtones,,,,,,
1177,Carrie,,,,,,
1178,Underwood,,,,,,
1179,Ringtones,,,,,,
1180,def,,,,,,
1181,leppard,,,,,,
1182,ringtones,,,,,,
1183,System,,,,,,
1184,Of,,,,,,
1185,A,,,,,,
1186,Down,,,,,,
1187,Ringtones,,,,,,
1188,theme,,,,,,
1189,song,,,,,,
1190,ringtone,,,,,,
1191,hawaiian,,,,,,
1192,music,,,,,,
1193,ringtones,,,,,,
1194,ringtones,,,,,,
1195,panic,,,,,,
1196,at,,,,,,
1197,the,,,,,,
1198,disco,,,,,,
1199,ringtones,,,,,,
1200,cascada,,,,,,
1201,Kid,,,,,,
1202,Rock,,,,,,
1203,Ringtones,,,,,,
1204,Gospel,,,,,,
1205,Ringtones,,,,,,
1206,mosquito,,,,,,
1207,ring,,,,,,
1208,tone,,,,,,
1209,mosquito,,,,,,
1210,ringer,,,,,,
1211,ultrasonic,,,,,,
1212,ringtone,,,,,,
1213,ringtones,,,,,,
1214,adults,,,,,,
1215,can't,,,,,,
1216,hear,,,,,,
1217,ringtone,,,,,,
1218,adults,,,,,,
1219,can't,,,,,,
1220,hear,,,,,,
1221,family,,,,,,
1222,guy,,,,,,
1223,ringtones,,,,,,
1224,ctu,,,,,,
1225,ringtone,,,,,,
1226,24,,,,,,
1227,ringtone,,,,,,
1228,24,,,,,,
1229,ring,,,,,,
1230,tones,,,,,,
1231,24,,,,,,
1232,ringer,,,,,,
1233,ctu,,,,,,
1234,ringer,,,,,,
1235,24,,,,,,
1236,ringers,,,,,,
1237,fox,,,,,,
1238,24,,,,,,
1239,ringtone,,,,,,
1240,ctu,,,,,,
1241,ringtone,,,,,,
1242,for,,,,,,
1243,fox,,,,,,
1244,24,,,,,,
1245,ringtones,,,,,,
1246,24,,,,,,
1247,theme,,,,,,
1248,ringtone,,,,,,
1249,24,,,,,,
1250,phone,,,,,,
1251,ringtone,,,,,,
1252,24,,,,,,
1253,tv,,,,,,
1254,show,,,,,,
1255,ringtone,,,,,,
1256,ringtones,,,,,,
1257,from,,,,,,
1258,24,,,,,,
1259,ringtones,,,,,,
1260,ctu,,,,,,
1261,download,,,,,,
1262,24,,,,,,
1263,ringtone,,,,,,
1264,ctu,,,,,,
1265,phone,,,,,,
1266,ringtone,,,,,,
1267,24,,,,,,
1268,tv,,,,,,
1269,show,,,,,,
1270,ringtones,,,,,,
1271,ringtones,,,,,,
1272,for,,,,,,
1273,24,,,,,,
1274,ringtones,,,,,,
1275,24,,,,,,
1276,24,,,,,,
1277,ringtone,,,,,,
1278,verizon,,,,,,
1279,ringtone,,,,,,
1280,for,,,,,,
1281,24,,,,,,
1282,24,,,,,,
1283,telephone,,,,,,
1284,ringtone,,,,,,
1285,24,,,,,,
1286,ctu,,,,,,
1287,ringtones,,,,,,
1288,buckcherry,,,,,,
1289,ringtones,,,,,,
1290,Three,,,,,,
1291,6,,,,,,
1292,Mafia,,,,,,
1293,Ringtones,,,,,,
1294,Carrie,,,,,,
1295,Underwood,,,,,,
1296,Ringtones,,,,,,
1297,def,,,,,,
1298,leppard,,,,,,
1299,ringtones,,,,,,
1300,System,,,,,,
1301,Of,,,,,,
1302,A,,,,,,
1303,Down,,,,,,
1304,Ringtones,,,,,,
1305,theme,,,,,,
1306,song,,,,,,
1307,ringtone,,,,,,
1308,hawaiian,,,,,,
1309,music,,,,,,
1310,ringtones,,,,,,
1311,ringtones,,,,,,
1312,panic,,,,,,
1313,at,,,,,,
1314,the,,,,,,
1315,disco,,,,,,
1316,ringtones,,,,,,
1317,cascada,,,,,,
1318,Kid,,,,,,
1319,Rock,,,,,,
1320,Ringtones,,,,,,
1321,Gospel,,,,,,
1322,Ringtones,,,,,,
1323,mosquito,,,,,,
1324,ring,,,,,,
1325,tone,,,,,,
1326,mosquito,,,,,,
1327,ringer,,,,,,
1328,ultrasonic,,,,,,
1329,ringtone,,,,,,
1330,ringtones,,,,,,
1331,adults,,,,,,
1332,can't,,,,,,
1333,hear,,,,,,
1334,ringtone,,,,,,
1335,adults,,,,,,
1336,can't,,,,,,
1337,hear,,,,,,
1338,family,,,,,,
1339,guy,,,,,,
1340,ringtones,,,,,,
1341,ctu,,,,,,
1342,ringtone,,,,,,
1343,24,,,,,,
1344,ringtone,,,,,,
1345,24,,,,,,
1346,ring,,,,,,
1347,tones,,,,,,
1348,24,,,,,,
1349,ringer,,,,,,
1350,ctu,,,,,,
1351,ringer,,,,,,
1352,24,,,,,,
1353,ringers,,,,,,
1354,fox,,,,,,
1355,24,,,,,,
1356,ringtone,,,,,,
1357,ctu,,,,,,
1358,ringtone,,,,,,
1359,for,,,,,,
1360,fox,,,,,,
1361,24,,,,,,
1362,ringtones,,,,,,
1363,24,,,,,,
1364,theme,,,,,,
1365,ringtone,,,,,,
1366,24,,,,,,
1367,phone,,,,,,
1368,ringtone,,,,,,
1369,24,,,,,,
1370,tv,,,,,,
1371,show,,,,,,
1372,ringtone,,,,,,
1373,ringtones,,,,,,
1374,from,,,,,,
1375,24,,,,,,
1376,ringtones,,,,,,
1377,ctu,,,,,,
1378,download,,,,,,
1379,24,,,,,,
1380,ringtone,,,,,,
1381,ctu,,,,,,
1382,phone,,,,,,
1383,ringtone,,,,,,
1384,24,,,,,,
1385,tv,,,,,,
1386,show,,,,,,
1387,ringtones,,,,,,
1388,ringtones,,,,,,
1389,for,,,,,,
1390,24,,,,,,
1391,ringtones,,,,,,
1392,24,,,,,,
1393,24,,,,,,
1394,ringtone,,,,,,
1395,verizon,,,,,,
1396,ringtone,,,,,,
1397,for,,,,,,
1398,24,,,,,,
1399,24,,,,,,
1400,telephone,,,,,,
1401,ringtone,,,,,,
1402,24,,,,,,
1403,ctu,,,,,,
1404,ringtones,,,,,,
1405,buckcherry,,,,,,
1406,ringtones,,,,,,
1407,Three,,,,,,
1408,6,,,,,,
1409,Mafia,,,,,,
1410,Ringtones,,,,,,
1411,Carrie,,,,,,
1412,Underwood,,,,,,
1413,Ringtones,,,,,,
1414,def,,,,,,
1415,leppard,,,,,,
1416,ringtones,,,,,,
1417,System,,,,,,
1418,Of,,,,,,
1419,A,,,,,,
1420,Down,,,,,,
1421,Ringtones,,,,,,
1422,theme,,,,,,
1423,song,,,,,,
1424,ringtone,,,,,,
1425,hawaiian,,,,,,
1426,music,,,,,,
1427,ringtones,,,,,,
1428,ringtones,,,,,,
1429,panic,,,,,,
1430,at,,,,,,
1431,the,,,,,,
1432,disco,,,,,,
1433,ringtones,,,,,,
1434,cascada,,,,,,
1435,Kid,,,,,,
1436,Rock,,,,,,
1437,Ringtones,,,,,,
1438,Gospel,,,,,,
1439,Ringtones,,,,,,
1440,mosquito,,,,,,
1441,ring,,,,,,
1442,tone,,,,,,
1443,mosquito,,,,,,
1444,ringer,,,,,,
1445,ultrasonic,,,,,,
1446,ringtone,,,,,,
1447,ringtones,,,,,,
1448,adults,,,,,,
1449,can't,,,,,,
1450,hear,,,,,,
1451,ringtone,,,,,,
1452,adults,,,,,,
1453,can't,,,,,,
1454,hear,,,,,,
1455,family,,,,,,
1456,guy,,,,,,
1457,ringtones,,,,,,
1458,ctu,,,,,,
1459,ringtone,,,,,,
1460,24,,,,,,
1461,ringtone,,,,,,
1462,24,,,,,,
1463,ring,,,,,,
1464,tones,,,,,,
1465,24,,,,,,
1466,ringer,,,,,,
1467,ctu,,,,,,
1468,ringer,,,,,,
1469,24,,,,,,
1470,ringers,,,,,,
1471,fox,,,,,,
1472,24,,,,,,
1473,ringtone,,,,,,
1474,ctu,,,,,,
1475,ringtone,,,,,,
1476,for,,,,,,
1477,fox,,,,,,
1478,24,,,,,,
1479,ringtones,,,,,,
1480,24,,,,,,
1481,theme,,,,,,
1482,ringtone,,,,,,
1483,24,,,,,,
1484,phone,,,,,,
1485,ringtone,,,,,,
1486,24,,,,,,
1487,tv,,,,,,
1488,show,,,,,,
1489,ringtone,,,,,,
1490,ringtones,,,,,,
1491,from,,,,,,
1492,24,,,,,,
1493,ringtones,,,,,,
1494,ctu,,,,,,
1495,download,,,,,,
1496,24,,,,,,
1497,ringtone,,,,,,
1498,ctu,,,,,,
1499,phone,,,,,,
1500,ringtone,,,,,,
1501,24,,,,,,
1502,tv,,,,,,
1503,show,,,,,,
1504,ringtones,,,,,,
1505,ringtones,,,,,,
1506,for,,,,,,
1507,24,,,,,,
1508,ringtones,,,,,,
1509,24,,,,,,
1510,24,,,,,,
1511,ringtone,,,,,,
1512,verizon,,,,,,
1513,ringtone,,,,,,
1514,for,,,,,,
1515,24,,,,,,
1516,24,,,,,,
1517,telephone,,,,,,
1518,ringtone,,,,,,
1519,24,,,,,,
1520,ctu,,,,,,
1521,ringtones,,,,,,
1522,buckcherry,,,,,,
1523,ringtones,,,,,,
1524,Three,,,,,,
1525,6,,,,,,
1526,Mafia,,,,,,
1527,Ringtones,,,,,,
1528,Carrie,,,,,,
1529,Underwood,,,,,,
1530,Ringtones,,,,,,
1531,def,,,,,,
1532,leppard,,,,,,
1533,ringtones,,,,,,
1534,System,,,,,,
1535,Of,,,,,,
1536,A,,,,,,
1537,Down,,,,,,
1538,Ringtones,,,,,,
1539,theme,,,,,,
1540,song,,,,,,
1541,ringtone,,,,,,
1542,hawaiian,,,,,,
1543,music,,,,,,
1544,ringtones,,,,,,
1545,ringtones,,,,,,
1546,panic,,,,,,
1547,at,,,,,,
1548,the,,,,,,
1549,disco,,,,,,
1550,ringtones,,,,,,
1551,cascada,,,,,,
1552,Kid,,,,,,
1553,Rock,,,,,,
1554,Ringtones,,,,,,
1555,Gospel,,,,,,
1556,Ringtones,,,,,,
1557,mosquito,,,,,,
1558,ring,,,,,,
1559,tone,,,,,,
1560,mosquito,,,,,,
1561,ringer,,,,,,
1562,ultrasonic,,,,,,
1563,ringtone,,,,,,
1564,ringtones,,,,,,
1565,adults,,,,,,
1566,can't,,,,,,
1567,hear,,,,,,
1568,ringtone,,,,,,
1569,adults,,,,,,
1570,can't,,,,,,
1571,hear,,,,,,
1572,family,,,,,,
1573,guy,,,,,,
1574,ringtones,,,,,,
1575,ctu,,,,,,
1576,ringtone,,,,,,
1577,24,,,,,,
1578,ringtone,,,,,,
1579,24,,,,,,
1580,ring,,,,,,
1581,tones,,,,,,
1582,24,,,,,,
1583,ringer,,,,,,
1584,ctu,,,,,,
1585,ringer,,,,,,
1586,24,,,,,,
1587,ringers,,,,,,
1588,fox,,,,,,
1589,24,,,,,,
1590,ringtone,,,,,,
1591,ctu,,,,,,
1592,ringtone,,,,,,
1593,for,,,,,,
1594,fox,,,,,,
1595,24,,,,,,
1596,ringtones,,,,,,
1597,24,,,,,,
1598,theme,,,,,,
1599,ringtone,,,,,,
1600,24,,,,,,
1601,phone,,,,,,
1602,ringtone,,,,,,
1603,24,,,,,,
1604,tv,,,,,,
1605,show,,,,,,
1606,ringtone,,,,,,
1607,ringtones,,,,,,
1608,from,,,,,,
1609,24,,,,,,
1610,ringtones,,,,,,
1611,ctu,,,,,,
1612,download,,,,,,
1613,24,,,,,,
1614,ringtone,,,,,,
1615,ctu,,,,,,
1616,phone,,,,,,
1617,ringtone,,,,,,
1618,24,,,,,,
1619,tv,,,,,,
1620,show,,,,,,
1621,ringtones,,,,,,
1622,ringtones,,,,,,
1623,for,,,,,,
1624,24,,,,,,
1625,ringtones,,,,,,
1626,24,,,,,,
1627,24,,,,,,
1628,ringtone,,,,,,
1629,verizon,,,,,,
1630,ringtone,,,,,,
1631,for,,,,,,
1632,24,,,,,,
1633,24,,,,,,
1634,telephone,,,,,,
1635,ringtone,,,,,,
1636,24,,,,,,
1637,ctu,,,,,,
1638,ringtones,,,,,,
1639,buckcherry,,,,,,
1640,ringtones,,,,,,
1641,Three,,,,,,
1642,6,,,,,,
1643,Mafia,,,,,,
1644,Ringtones,,,,,,
1645,Carrie,,,,,,
1646,Underwood,,,,,,
1647,Ringtones,,,,,,
1648,def,,,,,,
1649,leppard,,,,,,
1650,ringtones,,,,,,
1651,System,,,,,,
1652,Of,,,,,,
1653,A,,,,,,
1654,Down,,,,,,
1655,Ringtones,,,,,,
1656,theme,,,,,,
1657,song,,,,,,
1658,ringtone,,,,,,
1659,hawaiian,,,,,,
1660,music,,,,,,
1661,ringtones,,,,,,
1662,ringtones,,,,,,
1663,panic,,,,,,
1664,at,,,,,,
1665,the,,,,,,
1666,disco,,,,,,
1667,ringtones,,,,,,
1668,cascada,,,,,,
1669,Kid,,,,,,
1670,Rock,,,,,,
1671,Ringtones,,,,,,
1672,Gospel,,,,,,
1673,Ringtones,,,,,,
1674,mosquito,,,,,,
1675,ring,,,,,,
1676,tone,,,,,,
1677,mosquito,,,,,,
1678,ringer,,,,,,
1679,ultrasonic,,,,,,
1680,ringtone,,,,,,
1681,ringtones,,,,,,
1682,adults,,,,,,
1683,can't,,,,,,
1684,hear,,,,,,
1685,ringtone,,,,,,
1686,adults,,,,,,
1687,can't,,,,,,
1688,hear,,,,,,
1689,family,,,,,,
1690,guy,,,,,,
1691,ringtones,,,,,,
1692,ctu,,,,,,
1693,ringtone,,,,,,
1694,24,,,,,,
1695,ringtone,,,,,,
1696,24,,,,,,
1697,ring,,,,,,
1698,tones,,,,,,
1699,24,,,,,,
1700,ringer,,,,,,
1701,ctu,,,,,,
1702,ringer,,,,,,
1703,24,,,,,,
1704,ringers,,,,,,
1705,fox,,,,,,
1706,24,,,,,,
1707,ringtone,,,,,,
1708,ctu,,,,,,
1709,ringtone,,,,,,
1710,for,,,,,,
1711,fox,,,,,,
1712,24,,,,,,
1713,ringtones,,,,,,
1714,24,,,,,,
1715,theme,,,,,,
1716,ringtone,,,,,,
1717,24,,,,,,
1718,phone,,,,,,
1719,ringtone,,,,,,
1720,24,,,,,,
1721,tv,,,,,,
1722,show,,,,,,
1723,ringtone,,,,,,
1724,ringtones,,,,,,
1725,from,,,,,,
1726,24,,,,,,
1727,ringtones,,,,,,
1728,ctu,,,,,,
1729,download,,,,,,
1730,24,,,,,,
1731,ringtone,,,,,,
1732,ctu,,,,,,
1733,phone,,,,,,
1734,ringtone,,,,,,
1735,24,,,,,,
1736,tv,,,,,,
1737,show,,,,,,
1738,ringtones,,,,,,
1739,ringtones,,,,,,
1740,for,,,,,,
1741,24,,,,,,
1742,ringtones,,,,,,
1743,24,,,,,,
1744,24,,,,,,
1745,ringtone,,,,,,
1746,verizon,,,,,,
1747,ringtone,,,,,,
1748,for,,,,,,
1749,24,,,,,,
1750,24,,,,,,
1751,telephone,,,,,,
1752,ringtone,,,,,,
1753,24,,,,,,
1754,ctu,,,,,,
1755,ringtones,,,,,,
1756,buckcherry,,,,,,
1757,ringtones,,,,,,
1758,Three,,,,,,
1759,6,,,,,,
1760,Mafia,,,,,,
1761,Ringtones,,,,,,
1762,Carrie,,,,,,
1763,Underwood,,,,,,
1764,Ringtones,,,,,,
1765,def,,,,,,
1766,leppard,,,,,,
1767,ringtones,,,,,,
1768,System,,,,,,
1769,Of,,,,,,
1770,A,,,,,,
1771,Down,,,,,,
1772,Ringtones,,,,,,
1773,theme,,,,,,
1774,song,,,,,,
1775,ringtone,,,,,,
1776,hawaiian,,,,,,
1777,music,,,,,,
1778,ringtones,,,,,,
1779,ringtones,,,,,,
1780,panic,,,,,,
1781,at,,,,,,
1782,the,,,,,,
1783,disco,,,,,,
1784,ringtones,,,,,,
1785,cascada,,,,,,
1786,Kid,,,,,,
1787,Rock,,,,,,
1788,Ringtones,,,,,,
1789,Gospel,,,,,,
1790,Ringtones,,,,,,
1791,mosquito,,,,,,
1792,ring,,,,,,
1793,tone,,,,,,
1794,mosquito,,,,,,
1795,ringer,,,,,,
1796,ultrasonic,,,,,,
1797,ringtone,,,,,,
1798,ringtones,,,,,,
1799,adults,,,,,,
1800,can't,,,,,,
1801,hear,,,,,,
1802,ringtone,,,,,,
1803,adults,,,,,,
1804,can't,,,,,,
1805,hear,,,,,,
1806,family,,,,,,
1807,guy,,,,,,
1808,ringtones,,,,,,
1809,ctu,,,,,,
1810,ringtone,,,,,,
1811,24,,,,,,
1812,ringtone,,,,,,
1813,24,,,,,,
1814,ring,,,,,,
1815,tones,,,,,,
1816,24,,,,,,
1817,ringer,,,,,,
1818,ctu,,,,,,
1819,ringer,,,,,,
1820,24,,,,,,
1821,ringers,,,,,,
1822,fox,,,,,,
1823,24,,,,,,
1824,ringtone,,,,,,
1825,ctu,,,,,,
1826,ringtone,,,,,,
1827,for,,,,,,
1828,fox,,,,,,
1829,24,,,,,,
1830,ringtones,,,,,,
1831,24,,,,,,
1832,theme,,,,,,
1833,ringtone,,,,,,
1834,24,,,,,,
1835,phone,,,,,,
1836,ringtone,,,,,,
1837,24,,,,,,
1838,tv,,,,,,
1839,show,,,,,,
1840,ringtone,,,,,,
1841,ringtones,,,,,,
1842,from,,,,,,
1843,24,,,,,,
1844,ringtones,,,,,,
1845,ctu,,,,,,
1846,download,,,,,,
1847,24,,,,,,
1848,ringtone,,,,,,
1849,ctu,,,,,,
1850,phone,,,,,,
1851,ringtone,,,,,,
1852,24,,,,,,
1853,tv,,,,,,
1854,show,,,,,,
1855,ringtones,,,,,,
1856,ringtones,,,,,,
1857,for,,,,,,
1858,24,,,,,,
1859,ringtones,,,,,,
1860,24,,,,,,
1861,24,,,,,,
1862,ringtone,,,,,,
1863,verizon,,,,,,
1864,ringtone,,,,,,
1865,for,,,,,,
1866,24,,,,,,
1867,24,,,,,,
1868,telephone,,,,,,
1869,ringtone,,,,,,
1870,24,,,,,,
1871,ctu,,,,,,
1872,ringtones,,,,,,
1873,buckcherry,,,,,,
1874,ringtones,,,,,,
1875,Three,,,,,,
1876,6,,,,,,
1877,Mafia,,,,,,
1878,Ringtones,,,,,,
1879,Carrie,,,,,,
1880,Underwood,,,,,,
1881,Ringtones,,,,,,
1882,def,,,,,,
1883,leppard,,,,,,
1884,ringtones,,,,,,
1885,System,,,,,,
1886,Of,,,,,,
1887,A,,,,,,
1888,Down,,,,,,
1889,Ringtones,,,,,,
1890,theme,,,,,,
1891,song,,,,,,
1892,ringtone,,,,,,
1893,hawaiian,,,,,,
1894,music,,,,,,
1895,ringtones,,,,,,
1896,ringtones,,,,,,
1897,panic,,,,,,
1898,at,,,,,,
1899,the,,,,,,
1900,disco,,,,,,
1901,ringtones,,,,,,
1902,cascada,,,,,,
1903,Kid,,,,,,
1904,Rock,,,,,,
1905,Ringtones,,,,,,
1906,Gospel,,,,,,
1907,Ringtones,,,,,,
1908,mosquito,,,,,,
1909,ring,,,,,,
1910,tone,,,,,,
1911,mosquito,,,,,,
1912,ringer,,,,,,
1913,ultrasonic,,,,,,
1914,ringtone,,,,,,
1915,ringtones,,,,,,
1916,adults,,,,,,
1917,can't,,,,,,
1918,hear,,,,,,
1919,ringtone,,,,,,
1920,adults,,,,,,
1921,can't,,,,,,
1922,hear,,,,,,
1923,family,,,,,,
1924,guy,,,,,,
1925,ringtones,,,,,,
1926,ctu,,,,,,
1927,ringtone,,,,,,
1928,24,,,,,,
1929,ringtone,,,,,,
1930,24,,,,,,
1931,ring,,,,,,
1932,tones,,,,,,
1933,24,,,,,,
1934,ringer,,,,,,
1935,ctu,,,,,,
1936,ringer,,,,,,
1937,24,,,,,,
1938,ringers,,,,,,
1939,fox,,,,,,
1940,24,,,,,,
1941,ringtone,,,,,,
1942,ctu,,,,,,
1943,ringtone,,,,,,
1944,for,,,,,,
1945,fox,,,,,,
1946,24,,,,,,
1947,ringtones,,,,,,
1948,24,,,,,,
1949,theme,,,,,,
1950,ringtone,,,,,,
1951,24,,,,,,
1952,phone,,,,,,
1953,ringtone,,,,,,
1954,24,,,,,,
1955,tv,,,,,,
1956,show,,,,,,
1957,ringtone,,,,,,
1958,ringtones,,,,,,
1959,from,,,,,,
1960,24,,,,,,
1961,ringtones,,,,,,
1962,ctu,,,,,,
1963,download,,,,,,
1964,24,,,,,,
1965,ringtone,,,,,,
1966,ctu,,,,,,
1967,phone,,,,,,
1968,ringtone,,,,,,
1969,24,,,,,,
1970,tv,,,,,,
1971,show,,,,,,
1972,ringtones,,,,,,
1973,ringtones,,,,,,
1974,for,,,,,,
1975,24,,,,,,
1976,ringtones,,,,,,
1977,24,,,,,,
1978,24,,,,,,
1979,ringtone,,,,,,
1980,verizon,,,,,,
1981,ringtone,,,,,,
1982,for,,,,,,
1983,24,,,,,,
1984,24,,,,,,
1985,telephone,,,,,,
1986,ringtone,,,,,,
1987,24,,,,,,
1988,ctu,,,,,,
1989,ringtones,,,,,,
1990,buckcherry,,,,,,
1991,ringtones,,,,,,
1992,Three,,,,,,
1993,6,,,,,,
1994,Mafia,,,,,,
1995,Ringtones,,,,,,
1996,Carrie,,,,,,
1997,Underwood,,,,,,
1998,Ringtones,,,,,,
1999,def,,,,,,
2000,leppard,,,,,,
2001,ringtones,,,,,,
2002,System,,,,,,
2003,Of,,,,,,
2004,A,,,,,,
2005,Down,,,,,,
2006,Ringtones,,,,,,
2007,theme,,,,,,
2008,song,,,,,,
2009,ringtone,,,,,,
2010,hawaiian,,,,,,
2011,music,,,,,,
2012,ringtones,,,,,,
2013,ringtones,,,,,,
2014,panic,,,,,,
2015,at,,,,,,
2016,the,,,,,,
2017,disco,,,,,,
2018,ringtones,,,,,,
2019,cascada,,,,,,
2020,Kid,,,,,,
2021,Rock,,,,,,
2022,Ringtones,,,,,,
2023,Gospel,,,,,,
2024,Ringtones,,,,,,
2025,mosquito,,,,,,
2026,ring,,,,,,
2027,tone,,,,,,
2028,mosquito,,,,,,
2029,ringer,,,,,,
2030,ultrasonic,,,,,,
2031,ringtone,,,,,,
2032,ringtones,,,,,,
2033,adults,,,,,,
2034,can't,,,,,,
2035,hear,,,,,,
2036,ringtone,,,,,,
2037,adults,,,,,,
2038,can't,,,,,,
2039,hear,,,,,,
2040,family,,,,,,
2041,guy,,,,,,
2042,ringtones,,,,,,
2043,ctu,,,,,,
2044,ringtone,,,,,,
2045,24,,,,,,
2046,ringtone,,,,,,
2047,24,,,,,,
2048,ring,,,,,,
2049,tones,,,,,,
2050,24,,,,,,
2051,ringer,,,,,,
2052,ctu,,,,,,
2053,ringer,,,,,,
2054,24,,,,,,
2055,ringers,,,,,,
2056,fox,,,,,,
2057,24,,,,,,
2058,ringtone,,,,,,
2059,ctu,,,,,,
2060,ringtone,,,,,,
2061,for,,,,,,
2062,fox,,,,,,
2063,24,,,,,,
2064,ringtones,,,,,,
2065,24,,,,,,
2066,theme,,,,,,
2067,ringtone,,,,,,
2068,24,,,,,,
2069,phone,,,,,,
2070,ringtone,,,,,,
2071,24,,,,,,
2072,tv,,,,,,
2073,show,,,,,,
2074,ringtone,,,,,,
2075,ringtones,,,,,,
2076,from,,,,,,
2077,24,,,,,,
2078,ringtones,,,,,,
2079,ctu,,,,,,
2080,download,,,,,,
2081,24,,,,,,
2082,ringtone,,,,,,
2083,ctu,,,,,,
2084,phone,,,,,,
2085,ringtone,,,,,,
2086,24,,,,,,
2087,tv,,,,,,
2088,show,,,,,,
2089,ringtones,,,,,,
2090,ringtones,,,,,,
2091,for,,,,,,
2092,24,,,,,,
2093,ringtones,,,,,,
2094,24,,,,,,
2095,24,,,,,,
2096,ringtone,,,,,,
2097,verizon,,,,,,
2098,ringtone,,,,,,
2099,for,,,,,,
2100,24,,,,,,
2101,24,,,,,,
2102,telephone,,,,,,
2103,ringtone,,,,,,
2104,24,,,,,,
2105,ctu,,,,,,
2106,ringtones,,,,,,
2107,buckcherry,,,,,,
2108,ringtones,,,,,,
2109,Three,,,,,,
2110,6,,,,,,
2111,Mafia,,,,,,
2112,Ringtones,,,,,,
2113,Carrie,,,,,,
2114,Underwood,,,,,,
2115,Ringtones,,,,,,
2116,def,,,,,,
2117,leppard,,,,,,
2118,ringtones,,,,,,
2119,System,,,,,,
2120,Of,,,,,,
2121,A,,,,,,
2122,Down,,,,,,
2123,Ringtones,,,,,,
2124,theme,,,,,,
2125,song,,,,,,
2126,ringtone,,,,,,
2127,hawaiian,,,,,,
2128,music,,,,,,
2129,ringtones,,,,,,
2130,ringtones,,,,,,
2131,panic,,,,,,
2132,at,,,,,,
2133,the,,,,,,
2134,disco,,,,,,
2135,ringtones,,,,,,
2136,cascada,,,,,,
2137,Kid,,,,,,
2138,Rock,,,,,,
2139,Ringtones,,,,,,
2140,Gospel,,,,,,
2141,Ringtones,,,,,,
2142,mosquito,,,,,,
2143,ring,,,,,,
2144,tone,,,,,,
2145,mosquito,,,,,,
2146,ringer,,,,,,
2147,ultrasonic,,,,,,
2148,ringtone,,,,,,
2149,ringtones,,,,,,
2150,adults,,,,,,
2151,can't,,,,,,
2152,hear,,,,,,
2153,ringtone,,,,,,
2154,adults,,,,,,
2155,can't,,,,,,
2156,hear,,,,,,
2157,family,,,,,,
2158,guy,,,,,,
2159,ringtones,,,,,,
2160,ctu,,,,,,
2161,ringtone,,,,,,
2162,24,,,,,,
2163,ringtone,,,,,,
2164,24,,,,,,
2165,ring,,,,,,
2166,tones,,,,,,
2167,24,,,,,,
2168,ringer,,,,,,
2169,ctu,,,,,,
2170,ringer,,,,,,
2171,24,,,,,,
2172,ringers,,,,,,
2173,fox,,,,,,
2174,24,,,,,,
2175,ringtone,,,,,,
2176,ctu,,,,,,
2177,ringtone,,,,,,
2178,for,,,,,,
2179,fox,,,,,,
2180,24,,,,,,
2181,ringtones,,,,,,
2182,24,,,,,,
2183,theme,,,,,,
2184,ringtone,,,,,,
2185,24,,,,,,
2186,phone,,,,,,
2187,ringtone,,,,,,
2188,24,,,,,,
2189,tv,,,,,,
2190,show,,,,,,
2191,ringtone,,,,,,
2192,ringtones,,,,,,
2193,from,,,,,,
2194,24,,,,,,
2195,ringtones,,,,,,
2196,ctu,,,,,,
2197,download,,,,,,
2198,24,,,,,,
2199,ringtone,,,,,,
2200,ctu,,,,,,
2201,phone,,,,,,
2202,ringtone,,,,,,
2203,24,,,,,,
2204,tv,,,,,,
2205,show,,,,,,
2206,ringtones,,,,,,
2207,ringtones,,,,,,
2208,for,,,,,,
2209,24,,,,,,
2210,ringtones,,,,,,
2211,24,,,,,,
2212,24,,,,,,
2213,ringtone,,,,,,
2214,verizon,,,,,,
2215,ringtone,,,,,,
2216,for,,,,,,
2217,24,,,,,,
2218,24,,,,,,
2219,telephone,,,,,,
2220,ringtone,,,,,,
2221,24,,,,,,
2222,ctu,,,,,,
2223,ringtones,,,,,,
2224,buckcherry,,,,,,
2225,ringtones,,,,,,
2226,Three,,,,,,
2227,6,,,,,,
2228,Mafia,,,,,,
2229,Ringtones,,,,,,
2230,Carrie,,,,,,
2231,Underwood,,,,,,
2232,Ringtones,,,,,,
2233,def,,,,,,
2234,leppard,,,,,,
2235,ringtones,,,,,,
2236,System,,,,,,
2237,Of,,,,,,
2238,A,,,,,,
2239,Down,,,,,,
2240,Ringtones,,,,,,
2241,theme,,,,,,
2242,song,,,,,,
2243,ringtone,,,,,,
2244,hawaiian,,,,,,
2245,music,,,,,,
2246,ringtones,,,,,,
2247,ringtones,,,,,,
2248,panic,,,,,,
2249,at,,,,,,
2250,the,,,,,,
2251,disco,,,,,,
2252,ringtones,,,,,,
2253,cascada,,,,,,
2254,Kid,,,,,,
2255,Rock,,,,,,
2256,Ringtones,,,,,,
2257,Gospel,,,,,,
2258,Ringtones,,,,,,
2259,mosquito,,,,,,
2260,ring,,,,,,
2261,tone,,,,,,
2262,mosquito,,,,,,
2263,ringer,,,,,,
2264,ultrasonic,,,,,,
2265,ringtone,,,,,,
2266,ringtones,,,,,,
2267,adults,,,,,,
2268,can't,,,,,,
2269,hear,,,,,,
2270,ringtone,,,,,,
2271,adults,,,,,,
2272,can't,,,,,,
2273,hear,,,,,,
2274,family,,,,,,
2275,guy,,,,,,
2276,ringtones,,,,,,
2277,ctu,,,,,,
2278,ringtone,,,,,,
2279,24,,,,,,
2280,ringtone,,,,,,
2281,24,,,,,,
2282,ring,,,,,,
2283,tones,,,,,,
2284,24,,,,,,
2285,ringer,,,,,,
2286,ctu,,,,,,
2287,ringer,,,,,,
2288,24,,,,,,
2289,ringers,,,,,,
2290,fox,,,,,,
2291,24,,,,,,
2292,ringtone,,,,,,
2293,ctu,,,,,,
2294,ringtone,,,,,,
2295,for,,,,,,
2296,fox,,,,,,
2297,24,,,,,,
2298,ringtones,,,,,,
2299,24,,,,,,
2300,theme,,,,,,
2301,ringtone,,,,,,
2302,24,,,,,,
2303,phone,,,,,,
2304,ringtone,,,,,,
2305,24,,,,,,
2306,tv,,,,,,
2307,show,,,,,,
2308,ringtone,,,,,,
2309,ringtones,,,,,,
2310,from,,,,,,
2311,24,,,,,,
2312,ringtones,,,,,,
2313,ctu,,,,,,
2314,download,,,,,,
2315,24,,,,,,
2316,ringtone,,,,,,
2317,ctu,,,,,,
2318,phone,,,,,,
2319,ringtone,,,,,,
2320,24,,,,,,
2321,tv,,,,,,
2322,show,,,,,,
2323,ringtones,,,,,,
2324,ringtones,,,,,,
2325,for,,,,,,
2326,24,,,,,,
2327,ringtones,,,,,,
2328,24,,,,,,
2329,24,,,,,,
2330,ringtone,,,,,,
2331,verizon,,,,,,
2332,ringtone,,,,,,
2333,for,,,,,,
2334,24,,,,,,
2335,24,,,,,,
2336,telephone,,,,,,
2337,ringtone,,,,,,
2338,24,,,,,,
2339,ctu,,,,,,
2340,ringtones,,,,,,
